CREATE DATABASE EMPLOYEE_MANAGEMENT;
USE EMPLOYEE_MANAGEMENT;

CREATE TABLE DEPARTMENTS(
DEPARTMENT_ID INT PRIMARY KEY,
DEPARTMENT_NAME VARCHAR(50),
LOCATION VARCHAR(50)
);

INSERT INTO DEPARTMENTS VALUES
(1,'HR','HYDERABAD'),
(2,'IT','BANGALORE'),
(3,'FINANCE','CHENNAI'),
(4,'SALES','MUMBAI'),
(5,'MARKETING','DELHI');


CREATE TABLE EMPLOYEES(
EMPLOYEE_ID INT PRIMARY KEY,
EMPLOYEE_NAME VARCHAR(50),
GENDER VARCHAR(10),
AGE INT,
DEPARTMENT_ID INT,
SALARY INT,
HIRE_DATE date
);

ALTER TABLE Employees
ADD CONSTRAINT FK_EMPLOYEE_DEPARTMENT
FOREIGN KEY (Department_ID)
REFERENCES Departments(Department_ID);

INSERT INTO EMPLOYEES VALUES
(101,'Rahul','Male',25,2,50000,'2023-01-15'),
(102,'Priya','Female',28,1,45000,'2022-06-10'),
(103,'Arjun','Male',30,3,60000,'2021-09-20'),
(104,'Sneha','Female',27,2,55000,'2023-03-05'),
(105,'Kiran','Male',35,4,70000,'2020-12-12'),
(106,'Anjali','Female',29,5,48000,'2022-08-18'),
(107,'Ravi','Male',32,4,65000,'2021-05-22'),
(108,'Pooja','Female',26,1,42000,'2024-02-11'),
(109,'Vikram','Male',31,3,62000,'2022-10-30'),
(110,'Neha','Female',24,5,46000,'2023-07-14');


CREATE TABLE PERFORMANCE(
EMPLOYEE_ID INT,
PERFORMANCE_SCORE INT,
BONUS int
);

ALTER TABLE Performance
ADD CONSTRAINT FK_PERFORMANCE_DEPARTMENT
FOREIGN KEY (Employee_ID)
REFERENCES Employees(Employee_ID);

INSERT INTO Performance VALUES
(101,90,15000),
(102,85,12000),
(103,95,18000),
(104,88,14000),
(105,92,20000),
(106,80,10000),
(107,89,16000),
(108,75,8000),
(109,91,17000),
(110,82,11000);







































